#,Variant,Category,Feed Name,Status,Newest Date,Error,URL
1,full,politics,"BBC World",OK,2026-02-26,"OK","https://feeds.bbci.co.uk/news/world/rss.xml"
2,full,politics,"Guardian World",OK,2026-02-26,"OK","https://www.theguardian.com/world/rss"
3,full,politics,"AP News",OK,2026-02-26,"OK","https://news.google.com/rss/search?q=site:apnews.com&hl=en-US&gl=US&ceid=US:en"
4,full,politics,"Reuters World",OK,2026-02-26,"OK","https://news.google.com/rss/search?q=site:reuters.com+world&hl=en-US&gl=US&ceid=US:en"
5,full,politics,"CNN World",STALE,2023-09-18,"Stale","http://rss.cnn.com/rss/cnn_world.rss"
6,full,us,"NPR News",OK,2026-02-26,"OK","https://feeds.npr.org/1001/rss.xml"
7,full,us,"Politico",OK,2026-02-26,"OK","https://news.google.com/rss/search?q=site:politico.com+when:1d&hl=en-US&gl=US&ceid=US:en"
8,full,europe,"France 24 [en]",OK,2026-02-26,"OK","https://www.france24.com/en/rss"
9,full,europe,"France 24 [fr]",OK,2026-02-26,"OK","https://www.france24.com/fr/rss"
10,full,europe,"France 24 [es]",OK,2026-02-26,"OK","https://www.france24.com/es/rss"
11,full,europe,"France 24 [ar]",OK,2026-02-26,"OK","https://www.france24.com/ar/rss"
12,full,europe,"EuroNews [en]",OK,2026-02-26,"OK","https://www.euronews.com/rss?format=xml"
13,full,europe,"EuroNews [fr]",OK,2026-02-26,"OK","https://fr.euronews.com/rss?format=xml"
14,full,europe,"EuroNews [de]",OK,2026-02-26,"OK","https://de.euronews.com/rss?format=xml"
15,full,europe,"EuroNews [it]",OK,2026-02-26,"OK","https://it.euronews.com/rss?format=xml"
16,full,europe,"EuroNews [es]",OK,2026-02-26,"OK","https://es.euronews.com/rss?format=xml"
17,full,europe,"EuroNews [pt]",OK,2026-02-26,"OK","https://pt.euronews.com/rss?format=xml"
18,full,europe,"EuroNews [ru]",OK,2026-02-26,"OK","https://ru.euronews.com/rss?format=xml"
19,full,europe,"Le Monde [en]",OK,2026-02-26,"OK","https://www.lemonde.fr/en/rss/une.xml"
20,full,europe,"Le Monde [fr]",OK,2026-02-26,"OK","https://www.lemonde.fr/rss/une.xml"
21,full,europe,"DW News [en]",OK,2026-02-26,"OK","https://rss.dw.com/xml/rss-en-all"
22,full,europe,"DW News [de]",OK,2026-02-26,"OK","https://rss.dw.com/xml/rss-de-all"
23,full,europe,"DW News [es]",EMPTY,,"No dates found","https://rss.dw.com/xml/rss-es-all"
24,full,europe,"El País",OK,2026-02-26,"OK","https://feeds.elpais.com/mrss-s/pages/ep/site/elpais.com/portada"
25,full,europe,"El Mundo",OK,2026-02-26,"OK","https://e00-elmundo.uecdn.es/elmundo/rss/portada.xml"
26,full,europe,"BBC Mundo",OK,2026-02-26,"OK","https://www.bbc.com/mundo/index.xml"
27,full,europe,"Tagesschau",OK,2026-02-26,"OK","https://www.tagesschau.de/xml/rss2/"
28,full,europe,"Bild",EMPTY,,"No dates found","https://www.bild.de/feed/alles.xml"
29,full,europe,"Der Spiegel",OK,2026-02-26,"OK","https://www.spiegel.de/schlagzeilen/tops/index.rss"
30,full,europe,"Die Zeit",OK,2026-02-26,"OK","https://newsfeed.zeit.de/index"
31,full,europe,"ANSA",OK,2026-02-26,"OK","https://www.ansa.it/sito/notizie/topnews/topnews_rss.xml"
32,full,europe,"Corriere della Sera",DEAD,,"HTTP 404","https://xml2.corriereobjects.it/rss/incipit.xml"
33,full,europe,"Repubblica",OK,2026-02-26,"OK","https://www.repubblica.it/rss/homepage/rss2.0.xml"
34,full,europe,"NOS Nieuws",OK,2026-02-26,"OK","https://feeds.nos.nl/nosnieuwsalgemeen"
35,full,europe,"NRC",OK,2026-02-26,"OK","https://www.nrc.nl/rss/"
36,full,europe,"De Telegraaf",DEAD,,"HTTP 403","https://www.telegraaf.nl/rss"
37,full,europe,"SVT Nyheter",OK,2026-02-26,"OK","https://www.svt.se/nyheter/rss.xml"
38,full,europe,"Dagens Nyheter",DEAD,,"HTTP 404","https://www.dn.se/rss/senaste-nytt/"
39,full,europe,"Svenska Dagbladet",OK,2026-02-26,"OK","https://www.svd.se/feed/articles.rss"
40,full,europe,"BBC Turkce",OK,2026-02-26,"OK","https://feeds.bbci.co.uk/turkce/rss.xml"
41,full,europe,"DW Turkish",OK,2026-02-26,"OK","https://rss.dw.com/xml/rss-tur-all"
42,full,europe,"Hurriyet",OK,2026-02-26,"OK","https://www.hurriyet.com.tr/rss/anasayfa"
43,full,europe,"TVN24",STALE,2025-04-01,"Stale","https://tvn24.pl/najwazniejsze.xml"
44,full,europe,"Polsat News",OK,2026-02-26,"OK","https://www.polsatnews.pl/rss/wszystkie.xml"
45,full,europe,"Rzeczpospolita",OK,2026-02-26,"OK","https://www.rp.pl/rss_main"
46,full,europe,"Kathimerini",OK,2026-02-26,"OK","https://news.google.com/rss/search?q=site:kathimerini.gr+when:2d&hl=el&gl=GR&ceid=GR:el"
47,full,europe,"Naftemporiki",OK,2026-02-26,"OK","https://www.naftemporiki.gr/feed/"
48,full,europe,"in.gr",OK,2026-02-26,"OK","https://www.in.gr/feed/"
49,full,europe,"iefimerida",OK,2026-02-26,"OK","https://www.iefimerida.gr/rss.xml"
50,full,europe,"Proto Thema",OK,2026-02-26,"OK","https://news.google.com/rss/search?q=site:protothema.gr+when:2d&hl=el&gl=GR&ceid=GR:el"
51,full,europe,"BBC Russian",OK,2026-02-26,"OK","https://feeds.bbci.co.uk/russian/rss.xml"
52,full,europe,"Meduza",OK,2026-02-26,"OK","https://meduza.io/rss/all"
53,full,europe,"Novaya Gazeta Europe",OK,2026-02-26,"OK","https://novayagazeta.eu/feed/rss"
54,full,europe,"TASS",OK,2026-02-26,"OK","https://news.google.com/rss/search?q=site:tass.com+OR+TASS+Russia+when:1d&hl=en-US&gl=US&ceid=US:en"
55,full,europe,"Kyiv Independent",OK,2026-02-26,"OK","https://news.google.com/rss/search?q=site:kyivindependent.com+when:3d&hl=en-US&gl=US&ceid=US:en"
56,full,europe,"Moscow Times",OK,2026-02-26,"OK","https://www.themoscowtimes.com/rss/news"
57,full,middleeast,"BBC Middle East",OK,2026-02-26,"OK","https://feeds.bbci.co.uk/news/world/middle_east/rss.xml"
58,full,middleeast,"Al Jazeera [en]",OK,2026-02-26,"OK","https://www.aljazeera.com/xml/rss/all.xml"
59,full,middleeast,"Al Jazeera [ar]",OK,2026-02-26,"OK","https://www.aljazeera.net/aljazeerarss/a7c186be-1adb-4b11-a982-4783e765316e/4e17ecdc-8fb9-40de-a5d6-d00f72384a51"
60,full,middleeast,"Al Arabiya",OK,2026-02-26,"OK","https://news.google.com/rss/search?q=site:english.alarabiya.net+when:2d&hl=en-US&gl=US&ceid=US:en"
61,full,middleeast,"Guardian ME",OK,2026-02-26,"OK","https://www.theguardian.com/world/middleeast/rss"
62,full,middleeast,"BBC Persian",OK,2026-02-26,"OK","http://feeds.bbci.co.uk/persian/tv-and-radio-37434376/rss.xml"
63,full,middleeast,"Iran International",OK,2026-02-26,"OK","https://news.google.com/rss/search?q=site:iranintl.com+when:2d&hl=en-US&gl=US&ceid=US:en"
64,full,middleeast,"Fars News",OK,2026-02-26,"OK","https://news.google.com/rss/search?q=site:farsnews.ir+when:2d&hl=en-US&gl=US&ceid=US:en"
65,full,middleeast,"L\",DEAD,,"HTTP 403","https://www.lorientlejour.com/rss"
66,full,middleeast,"Haaretz",OK,2026-02-26,"OK","https://news.google.com/rss/search?q=site:haaretz.com+when:7d&hl=en-US&gl=US&ceid=US:en"
67,full,middleeast,"Arab News",OK,2026-02-26,"OK","https://news.google.com/rss/search?q=site:arabnews.com+when:7d&hl=en-US&gl=US&ceid=US:en"
68,full,tech,"Hacker News",OK,2026-02-26,"OK","https://hnrss.org/frontpage"
69,full,tech,"Ars Technica",OK,2026-02-26,"OK","https://feeds.arstechnica.com/arstechnica/technology-lab"
70,full,tech,"The Verge",OK,2026-02-26,"OK","https://www.theverge.com/rss/index.xml"
71,full,tech,"MIT Tech Review",OK,2026-02-26,"OK","https://www.technologyreview.com/feed/"
72,full,ai,"AI News",OK,2026-02-26,"OK","https://news.google.com/rss/search?q=(OpenAI+OR+Anthropic+OR+Google+AI+OR+""large+language+model""+OR+ChatGPT)+when:2d&hl=en-US&gl=US&ceid=US:en"
73,full,ai,"VentureBeat AI",STALE,2026-01-22,"Stale","https://venturebeat.com/category/ai/feed/"
74,full,ai,"The Verge AI",OK,2026-02-26,"OK","https://www.theverge.com/rss/ai-artificial-intelligence/index.xml"
75,full,ai,"MIT Tech Review",OK,2026-02-26,"OK","https://www.technologyreview.com/topic/artificial-intelligence/feed"
76,full,ai,"ArXiv AI",OK,2026-02-26,"OK","https://export.arxiv.org/rss/cs.AI"
77,full,finance,"CNBC",OK,2026-02-26,"OK","https://www.cnbc.com/id/100003114/device/rss/rss.html"
78,full,finance,"MarketWatch",OK,2026-02-26,"OK","https://news.google.com/rss/search?q=site:marketwatch.com+markets+when:1d&hl=en-US&gl=US&ceid=US:en"
79,full,finance,"Yahoo Finance",OK,2026-02-25,"OK","https://finance.yahoo.com/news/rssindex"
80,full,finance,"Financial Times",OK,2026-02-26,"OK","https://www.ft.com/rss/home"
81,full,finance,"Reuters Business",OK,2026-02-26,"OK","https://news.google.com/rss/search?q=site:reuters.com+business+markets&hl=en-US&gl=US&ceid=US:en"
82,full,gov,"White House",OK,2026-02-25,"OK","https://news.google.com/rss/search?q=site:whitehouse.gov&hl=en-US&gl=US&ceid=US:en"
83,full,gov,"State Dept",OK,2026-02-26,"OK","https://news.google.com/rss/search?q=site:state.gov+OR+""State+Department""&hl=en-US&gl=US&ceid=US:en"
84,full,gov,"Pentagon",STALE,2026-01-23,"Stale","https://news.google.com/rss/search?q=site:defense.gov+OR+Pentagon&hl=en-US&gl=US&ceid=US:en"
85,full,gov,"Treasury",OK,2026-02-25,"OK","https://news.google.com/rss/search?q=site:treasury.gov+OR+""Treasury+Department""&hl=en-US&gl=US&ceid=US:en"
86,full,gov,"DOJ",OK,2026-02-25,"OK","https://news.google.com/rss/search?q=site:justice.gov+OR+""Justice+Department""+DOJ&hl=en-US&gl=US&ceid=US:en"
87,full,gov,"Federal Reserve",OK,2026-02-24,"OK","https://www.federalreserve.gov/feeds/press_all.xml"
88,full,gov,"SEC",OK,2026-02-26,"OK","https://www.sec.gov/news/pressreleases.rss"
89,full,gov,"CDC",OK,2026-02-26,"OK","https://news.google.com/rss/search?q=site:cdc.gov+OR+CDC+health&hl=en-US&gl=US&ceid=US:en"
90,full,gov,"FEMA",OK,2026-02-21,"OK","https://news.google.com/rss/search?q=site:fema.gov+OR+FEMA+emergency&hl=en-US&gl=US&ceid=US:en"
91,full,gov,"DHS",OK,2026-02-26,"OK","https://news.google.com/rss/search?q=site:dhs.gov+OR+""Homeland+Security""&hl=en-US&gl=US&ceid=US:en"
92,full,gov,"UN News",OK,2026-02-26,"OK","https://news.un.org/feed/subscribe/en/news/all/rss.xml"
93,full,gov,"CISA",OK,2026-02-26,"OK","https://www.cisa.gov/cybersecurity-advisories/all.xml"
94,full,layoffs,"Layoffs.fyi",STALE,2020-12-29,"Stale","https://layoffs.fyi/feed/"
95,full,layoffs,"TechCrunch Layoffs",OK,2026-02-26,"OK","https://techcrunch.com/tag/layoffs/feed/"
96,full,layoffs,"Layoffs News",OK,2026-02-26,"OK","https://news.google.com/rss/search?q=(layoffs+OR+""job+cuts""+OR+""workforce+reduction"")+when:3d&hl=en-US&gl=US&ceid=US:en"
97,full,thinktanks,"Foreign Policy",OK,2026-02-26,"OK","https://foreignpolicy.com/feed/"
98,full,thinktanks,"Atlantic Council",OK,2026-02-26,"OK","https://www.atlanticcouncil.org/feed/"
99,full,thinktanks,"Foreign Affairs",OK,2026-02-26,"OK","https://www.foreignaffairs.com/rss.xml"
100,full,thinktanks,"CSIS",OK,2026-02-26,"OK","https://news.google.com/rss/search?q=site:csis.org+when:7d&hl=en-US&gl=US&ceid=US:en"
101,full,thinktanks,"RAND",OK,2026-02-26,"OK","https://news.google.com/rss/search?q=site:rand.org+when:7d&hl=en-US&gl=US&ceid=US:en"
102,full,thinktanks,"Brookings",OK,2026-02-26,"OK","https://news.google.com/rss/search?q=site:brookings.edu+when:7d&hl=en-US&gl=US&ceid=US:en"
103,full,thinktanks,"Carnegie",OK,2026-02-26,"OK","https://news.google.com/rss/search?q=site:carnegieendowment.org+when:7d&hl=en-US&gl=US&ceid=US:en"
104,full,thinktanks,"War on the Rocks",OK,2026-02-26,"OK","https://warontherocks.com/feed"
105,full,thinktanks,"AEI",OK,2026-02-26,"OK","https://www.aei.org/feed/"
106,full,thinktanks,"Responsible Statecraft",OK,2026-02-26,"OK","https://responsiblestatecraft.org/feed/"
107,full,thinktanks,"RUSI",OK,2026-02-26,"OK","https://news.google.com/rss/search?q=site:rusi.org+when:3d&hl=en-US&gl=US&ceid=US:en"
108,full,thinktanks,"FPRI",OK,2026-02-26,"OK","https://www.fpri.org/feed/"
109,full,thinktanks,"Jamestown",OK,2026-02-25,"OK","https://jamestown.org/feed/"
110,full,crisis,"CrisisWatch",EMPTY,,"No dates found","https://www.crisisgroup.org/rss"
111,full,crisis,"IAEA",EMPTY,,"No dates found","https://www.iaea.org/feeds/topnews"
112,full,crisis,"WHO",OK,2026-02-25,"OK","https://www.who.int/rss-feeds/news-english.xml"
113,full,crisis,"UNHCR",OK,2026-02-26,"OK","https://news.google.com/rss/search?q=site:unhcr.org+OR+UNHCR+refugees+when:3d&hl=en-US&gl=US&ceid=US:en"
114,full,africa,"Africa News",OK,2026-02-26,"OK","https://news.google.com/rss/search?q=(Africa+OR+Nigeria+OR+Kenya+OR+""South+Africa""+OR+Ethiopia)+when:2d&hl=en-US&gl=US&ceid=US:en"
115,full,africa,"Sahel Crisis",OK,2026-02-26,"OK","https://news.google.com/rss/search?q=(Sahel+OR+Mali+OR+Niger+OR+""Burkina+Faso""+OR+Wagner)+when:3d&hl=en-US&gl=US&ceid=US:en"
116,full,africa,"News24",EMPTY,,"No dates found","https://feeds.capi24.com/v1/Search/articles/news24/Africa/rss"
117,full,africa,"BBC Africa",OK,2026-02-26,"OK","https://feeds.bbci.co.uk/news/world/africa/rss.xml"
118,full,africa,"Jeune Afrique",OK,2026-02-26,"OK","https://www.jeuneafrique.com/feed/"
119,full,africa,"Africanews [en]",OK,2026-02-26,"OK","https://www.africanews.com/feed/rss"
120,full,africa,"Africanews [fr]",OK,2026-02-26,"OK","https://fr.africanews.com/feed/rss"
121,full,africa,"BBC Afrique",OK,2026-02-26,"OK","https://www.bbc.com/afrique/index.xml"
122,full,africa,"Premium Times",OK,2026-02-26,"OK","https://www.premiumtimesng.com/feed"
123,full,africa,"Vanguard Nigeria",OK,2026-02-26,"OK","https://www.vanguardngr.com/feed/"
124,full,africa,"Channels TV",OK,2026-02-26,"OK","https://www.channelstv.com/feed/"
125,full,africa,"Daily Trust",OK,2026-02-26,"OK","https://dailytrust.com/feed/"
126,full,africa,"ThisDay",OK,2026-02-26,"OK","https://www.thisdaylive.com/feed"
127,full,latam,"Latin America",OK,2026-02-26,"OK","https://news.google.com/rss/search?q=(Brazil+OR+Mexico+OR+Argentina+OR+Venezuela+OR+Colombia)+when:2d&hl=en-US&gl=US&ceid=US:en"
128,full,latam,"BBC Latin America",OK,2026-02-26,"OK","https://feeds.bbci.co.uk/news/world/latin_america/rss.xml"
129,full,latam,"Reuters LatAm",OK,2026-02-26,"OK","https://news.google.com/rss/search?q=site:reuters.com+(Brazil+OR+Mexico+OR+Argentina)+when:3d&hl=en-US&gl=US&ceid=US:en"
130,full,latam,"Guardian Americas",OK,2026-02-26,"OK","https://www.theguardian.com/world/americas/rss"
131,full,latam,"Clarín",OK,2026-02-26,"OK","https://www.clarin.com/rss/lo-ultimo/"
132,full,latam,"O Globo",DEAD,,"HTTP 404","https://oglobo.globo.com/rss/top_noticias/"
133,full,latam,"Folha de S.Paulo",DEAD,,"fetch failed","https://feeds.folha.uol.com.br/emcimadahora/rss091.xml"
134,full,latam,"Brasil Paralelo",OK,2026-02-26,"OK","https://www.brasilparalelo.com.br/noticias/rss.xml"
135,full,latam,"El Tiempo",OK,2026-02-26,"OK","https://www.eltiempo.com/rss/mundo_latinoamerica.xml"
136,full,latam,"El Universal",DEAD,,"HTTP 404","https://www.eluniversal.com.mx/rss.xml"
137,full,latam,"La Silla Vacía",OK,2026-02-26,"OK","https://www.lasillavacia.com/rss"
138,full,latam,"Mexico News Daily",OK,2026-02-26,"OK","https://mexiconewsdaily.com/feed/"
139,full,latam,"Animal Político",DEAD,,"HTTP 404","https://animalpolitico.com/feed/"
140,full,latam,"Proceso",DEAD,,"HTTP 404","https://www.proceso.com.mx/feed/"
141,full,latam,"Milenio",DEAD,,"HTTP 404","https://www.milenio.com/rss"
142,full,latam,"Mexico Security",OK,2026-02-26,"OK","https://news.google.com/rss/search?q=(Mexico+cartel+OR+Mexico+violence+OR+Mexico+troops+OR+narco+Mexico)+when:2d&hl=en-US&gl=US&ceid=US:en"
143,full,latam,"AP Mexico",OK,2026-02-26,"OK","https://news.google.com/rss/search?q=site:apnews.com+Mexico+when:3d&hl=en-US&gl=US&ceid=US:en"
144,full,latam,"InSight Crime",OK,2026-02-26,"OK","https://insightcrime.org/feed/"
145,full,latam,"France 24 LatAm",OK,2026-02-26,"OK","https://www.france24.com/en/americas/rss"
146,full,asia,"Asia News",OK,2026-02-26,"OK","https://news.google.com/rss/search?q=(China+OR+Japan+OR+Korea+OR+India+OR+ASEAN)+when:2d&hl=en-US&gl=US&ceid=US:en"
147,full,asia,"BBC Asia",OK,2026-02-26,"OK","https://feeds.bbci.co.uk/news/world/asia/rss.xml"
148,full,asia,"The Diplomat",OK,2026-02-26,"OK","https://thediplomat.com/feed/"
149,full,asia,"South China Morning Post",OK,2026-02-26,"OK","https://www.scmp.com/rss/91/feed/"
150,full,asia,"Reuters Asia",OK,2026-02-26,"OK","https://news.google.com/rss/search?q=site:reuters.com+(China+OR+Japan+OR+Taiwan+OR+Korea)+when:3d&hl=en-US&gl=US&ceid=US:en"
151,full,asia,"Xinhua",OK,2026-02-26,"OK","https://news.google.com/rss/search?q=site:xinhuanet.com+OR+Xinhua+when:1d&hl=en-US&gl=US&ceid=US:en"
152,full,asia,"Japan Today",OK,2026-02-26,"OK","https://japantoday.com/feed/atom"
153,full,asia,"Nikkei Asia",OK,2026-02-26,"OK","https://news.google.com/rss/search?q=site:asia.nikkei.com+when:3d&hl=en-US&gl=US&ceid=US:en"
154,full,asia,"Asahi Shimbun",OK,2026-02-26,"OK","https://www.asahi.com/rss/asahi/newsheadlines.rdf"
155,full,asia,"The Hindu",OK,2026-02-26,"OK","https://www.thehindu.com/news/national/feeder/default.rss"
156,full,asia,"Indian Express",OK,2026-02-26,"OK","https://indianexpress.com/section/india/feed/"
157,full,asia,"India News Network",EMPTY,,"No dates found","https://www.indianewsnetwork.com/rss.en.diplomacy.xml"
158,full,asia,"CNA",OK,2026-02-26,"OK","https://www.channelnewsasia.com/api/v1/rss-outbound-feed?_format=xml"
159,full,asia,"MIIT (China)",OK,2026-02-25,"OK","https://news.google.com/rss/search?q=site:miit.gov.cn+when:7d&hl=zh-CN&gl=CN&ceid=CN:zh-Hans"
160,full,asia,"MOFCOM (China)",OK,2026-02-26,"OK","https://news.google.com/rss/search?q=site:mofcom.gov.cn+when:7d&hl=zh-CN&gl=CN&ceid=CN:zh-Hans"
161,full,asia,"Bangkok Post",DEAD,,"HTTP 451","https://www.bangkokpost.com/rss"
162,full,asia,"Thai PBS",EMPTY,,"No dates found","https://news.google.com/rss/search?q=site:thaipbsworld.com+when:2d&hl=th&gl=TH&ceid=TH:th"
163,full,asia,"VnExpress",EMPTY,,"No dates found","https://vnexpress.net/rss"
164,full,asia,"Tuoi Tre News",EMPTY,,"No dates found","https://news.google.com/rss/search?q=site:tuoitrenews.vn+when:2d&hl=vi&gl=VN&ceid=VN:vi"
165,full,asia,"ABC News Australia",OK,2026-02-26,"OK","https://www.abc.net.au/news/feed/2942460/rss.xml"
166,full,asia,"Guardian Australia",OK,2026-02-26,"OK","https://www.theguardian.com/australia-news/rss"
167,full,asia,"Island Times (Palau)",OK,2026-02-24,"OK","https://islandtimes.org/feed/"
168,full,energy,"Oil & Gas",OK,2026-02-26,"OK","https://news.google.com/rss/search?q=(oil+price+OR+OPEC+OR+""natural+gas""+OR+pipeline+OR+LNG)+when:2d&hl=en-US&gl=US&ceid=US:en"
169,full,energy,"Nuclear Energy",OK,2026-02-26,"OK","https://news.google.com/rss/search?q=(""nuclear+energy""+OR+""nuclear+power""+OR+uranium+OR+IAEA)+when:3d&hl=en-US&gl=US&ceid=US:en"
170,full,energy,"Reuters Energy",OK,2026-02-26,"OK","https://news.google.com/rss/search?q=site:reuters.com+(oil+OR+gas+OR+energy+OR+OPEC)+when:3d&hl=en-US&gl=US&ceid=US:en"
171,full,energy,"Mining & Resources",OK,2026-02-26,"OK","https://news.google.com/rss/search?q=(lithium+OR+""rare+earth""+OR+cobalt+OR+mining)+when:3d&hl=en-US&gl=US&ceid=US:en"
172,tech,tech,"TechCrunch",OK,2026-02-26,"OK","https://techcrunch.com/feed/"
173,tech,tech,"ZDNet",OK,2026-02-26,"OK","https://www.zdnet.com/news/rss.xml"
174,tech,tech,"TechMeme",OK,2026-02-26,"OK","https://www.techmeme.com/feed.xml"
175,tech,tech,"Engadget",OK,2026-02-26,"OK","https://www.engadget.com/rss.xml"
176,tech,tech,"Fast Company",OK,2026-02-26,"OK","https://feeds.feedburner.com/fastcompany/headlines"
177,tech,ai,"AI News",OK,2026-02-26,"OK","https://news.google.com/rss/search?q=(OpenAI+OR+Anthropic+OR+Google+AI+OR+""large+language+model""+OR+ChatGPT+OR+Claude+OR+""AI+model"")+when:2d&hl=en-US&gl=US&ceid=US:en"
178,tech,ai,"MIT Tech Review AI",OK,2026-02-26,"OK","https://www.technologyreview.com/topic/artificial-intelligence/feed"
179,tech,ai,"MIT Research",OK,2026-02-26,"OK","https://news.mit.edu/rss/research"
180,tech,ai,"ArXiv ML",OK,2026-02-26,"OK","https://export.arxiv.org/rss/cs.LG"
181,tech,ai,"AI Weekly",OK,2026-02-26,"OK","https://news.google.com/rss/search?q=""artificial+intelligence""+OR+""machine+learning""+when:3d&hl=en-US&gl=US&ceid=US:en"
182,tech,ai,"Anthropic News",OK,2026-02-26,"OK","https://news.google.com/rss/search?q=Anthropic+Claude+AI+when:7d&hl=en-US&gl=US&ceid=US:en"
183,tech,ai,"OpenAI News",OK,2026-02-26,"OK","https://news.google.com/rss/search?q=OpenAI+ChatGPT+GPT-4+when:7d&hl=en-US&gl=US&ceid=US:en"
184,tech,startups,"TechCrunch Startups",OK,2026-02-26,"OK","https://techcrunch.com/category/startups/feed/"
185,tech,startups,"VentureBeat",OK,2026-02-26,"OK","https://venturebeat.com/feed/"
186,tech,startups,"Crunchbase News",OK,2026-02-26,"OK","https://news.crunchbase.com/feed/"
187,tech,startups,"SaaStr",OK,2026-02-26,"OK","https://www.saastr.com/feed/"
188,tech,startups,"AngelList News",OK,2026-02-25,"OK","https://news.google.com/rss/search?q=site:angellist.com+OR+""AngelList""+funding+when:7d&hl=en-US&gl=US&ceid=US:en"
189,tech,startups,"TechCrunch Venture",OK,2026-02-26,"OK","https://techcrunch.com/category/venture/feed/"
190,tech,startups,"The Information",OK,2026-02-26,"OK","https://news.google.com/rss/search?q=site:theinformation.com+startup+OR+funding+when:3d&hl=en-US&gl=US&ceid=US:en"
191,tech,startups,"Fortune Term Sheet",OK,2026-02-26,"OK","https://news.google.com/rss/search?q=""Term+Sheet""+venture+capital+OR+startup+when:7d&hl=en-US&gl=US&ceid=US:en"
192,tech,startups,"PitchBook News",OK,2026-02-26,"OK","https://news.google.com/rss/search?q=site:pitchbook.com+when:7d&hl=en-US&gl=US&ceid=US:en"
193,tech,startups,"CB Insights",OK,2026-02-18,"OK","https://www.cbinsights.com/research/feed/"
194,tech,vcblogs,"Y Combinator Blog",OK,2026-02-05,"OK","https://www.ycombinator.com/blog/rss/"
195,tech,vcblogs,"a16z Blog",OK,2026-02-25,"OK","https://news.google.com/rss/search?q=site:a16z.com+OR+""Andreessen+Horowitz""+blog+when:14d&hl=en-US&gl=US&ceid=US:en"
196,tech,vcblogs,"Sequoia Blog",OK,2026-02-26,"OK","https://news.google.com/rss/search?q=site:sequoiacap.com+when:7d&hl=en-US&gl=US&ceid=US:en"
197,tech,vcblogs,"Paul Graham Essays",OK,2026-02-25,"OK","https://news.google.com/rss/search?q=""Paul+Graham""+essay+OR+blog+when:30d&hl=en-US&gl=US&ceid=US:en"
198,tech,vcblogs,"VC Insights",OK,2026-02-26,"OK","https://news.google.com/rss/search?q=(""venture+capital""+insights+OR+""VC+trends""+OR+""startup+advice"")+when:7d&hl=en-US&gl=US&ceid=US:en"
199,tech,vcblogs,"Lenny\",OK,2026-02-26,"OK","https://www.lennysnewsletter.com/feed"
200,tech,vcblogs,"Stratechery",OK,2026-02-26,"OK","https://stratechery.com/feed/"
201,tech,regionalStartups,"EU Startups",OK,2026-02-26,"OK","https://news.google.com/rss/search?q=site:eu-startups.com+when:7d&hl=en-US&gl=US&ceid=US:en"
202,tech,regionalStartups,"Tech.eu",OK,2026-02-26,"OK","https://tech.eu/feed/"
203,tech,regionalStartups,"Sifted (Europe)",OK,2026-02-26,"OK","https://sifted.eu/feed"
204,tech,regionalStartups,"The Next Web",OK,2026-02-26,"OK","https://news.google.com/rss/search?q=site:thenextweb.com+when:7d&hl=en-US&gl=US&ceid=US:en"
205,tech,regionalStartups,"Tech in Asia",OK,2026-02-26,"OK","https://news.google.com/rss/search?q=site:techinasia.com+when:7d&hl=en-US&gl=US&ceid=US:en"
206,tech,regionalStartups,"KrASIA",OK,2026-02-26,"OK","https://news.google.com/rss/search?q=site:kr-asia.com+OR+KrASIA+when:7d&hl=en-US&gl=US&ceid=US:en"
207,tech,regionalStartups,"SEA Startups",OK,2026-02-26,"OK","https://news.google.com/rss/search?q=(Singapore+OR+Indonesia+OR+Vietnam+OR+Thailand+OR+Malaysia)+startup+funding+when:7d&hl=en-US&gl=US&ceid=US:en"
208,tech,regionalStartups,"Asia VC News",OK,2026-02-26,"OK","https://news.google.com/rss/search?q=(""Southeast+Asia""+OR+ASEAN)+venture+capital+OR+funding+when:7d&hl=en-US&gl=US&ceid=US:en"
209,tech,regionalStartups,"China Startups",OK,2026-02-26,"OK","https://news.google.com/rss/search?q=China+startup+funding+OR+""Chinese+startup""+when:7d&hl=en-US&gl=US&ceid=US:en"
210,tech,regionalStartups,"36Kr English",OK,2026-02-26,"OK","https://news.google.com/rss/search?q=site:36kr.com+OR+""36Kr""+startup+china+when:7d&hl=en-US&gl=US&ceid=US:en"
211,tech,regionalStartups,"China Tech Giants",OK,2026-02-26,"OK","https://news.google.com/rss/search?q=(Alibaba+OR+Tencent+OR+ByteDance+OR+Baidu+OR+JD.com+OR+Xiaomi+OR+Huawei)+when:3d&hl=en-US&gl=US&ceid=US:en"
212,tech,regionalStartups,"Japan Startups",OK,2026-02-26,"OK","https://news.google.com/rss/search?q=Japan+startup+funding+OR+""Japanese+startup""+when:7d&hl=en-US&gl=US&ceid=US:en"
213,tech,regionalStartups,"Japan Tech News",OK,2026-02-26,"OK","https://news.google.com/rss/search?q=(Japan+startup+OR+Japan+tech+OR+SoftBank+OR+Rakuten+OR+Sony)+funding+when:7d&hl=en-US&gl=US&ceid=US:en"
214,tech,regionalStartups,"Nikkei Tech",OK,2026-02-26,"OK","https://news.google.com/rss/search?q=site:asia.nikkei.com+technology+when:3d&hl=en-US&gl=US&ceid=US:en"
215,tech,regionalStartups,"Korea Tech News",OK,2026-02-26,"OK","https://news.google.com/rss/search?q=(Korea+startup+OR+Korean+tech+OR+Samsung+OR+Kakao+OR+Naver+OR+Coupang)+when:7d&hl=en-US&gl=US&ceid=US:en"
216,tech,regionalStartups,"Korea Startups",OK,2026-02-26,"OK","https://news.google.com/rss/search?q=Korea+startup+funding+OR+""Korean+unicorn""+when:7d&hl=en-US&gl=US&ceid=US:en"
217,tech,regionalStartups,"Inc42 (India)",OK,2026-02-26,"OK","https://inc42.com/feed/"
218,tech,regionalStartups,"YourStory",OK,2026-02-26,"OK","https://yourstory.com/feed"
219,tech,regionalStartups,"India Startups",OK,2026-02-26,"OK","https://news.google.com/rss/search?q=India+startup+funding+OR+""Indian+startup""+when:7d&hl=en-US&gl=US&ceid=US:en"
220,tech,regionalStartups,"India Tech News",OK,2026-02-26,"OK","https://news.google.com/rss/search?q=(Flipkart+OR+Razorpay+OR+Zerodha+OR+Zomato+OR+Paytm+OR+PhonePe)+when:7d&hl=en-US&gl=US&ceid=US:en"
221,tech,regionalStartups,"SEA Tech News",OK,2026-02-26,"OK","https://news.google.com/rss/search?q=(Grab+OR+GoTo+OR+Sea+Limited+OR+Shopee+OR+Tokopedia)+when:7d&hl=en-US&gl=US&ceid=US:en"
222,tech,regionalStartups,"Vietnam Tech",OK,2026-02-26,"OK","https://news.google.com/rss/search?q=Vietnam+startup+OR+Vietnam+tech+when:7d&hl=en-US&gl=US&ceid=US:en"
223,tech,regionalStartups,"Indonesia Tech",OK,2026-02-26,"OK","https://news.google.com/rss/search?q=Indonesia+startup+OR+Indonesia+tech+when:7d&hl=en-US&gl=US&ceid=US:en"
224,tech,regionalStartups,"Taiwan Tech",OK,2026-02-26,"OK","https://news.google.com/rss/search?q=(Taiwan+startup+OR+TSMC+OR+MediaTek+OR+Foxconn)+when:7d&hl=en-US&gl=US&ceid=US:en"
225,tech,regionalStartups,"LAVCA (LATAM)",OK,2026-02-24,"OK","https://news.google.com/rss/search?q=site:lavca.org+when:7d&hl=en-US&gl=US&ceid=US:en"
226,tech,regionalStartups,"LATAM Startups",OK,2026-02-26,"OK","https://news.google.com/rss/search?q=(""Latin+America""+startup+OR+LATAM+funding)+when:7d&hl=en-US&gl=US&ceid=US:en"
227,tech,regionalStartups,"Startups LATAM",OK,2026-02-26,"OK","https://news.google.com/rss/search?q=(startup+Brazil+OR+startup+Mexico+OR+startup+Argentina+OR+startup+Colombia+OR+startup+Chile)+when:7d&hl=en-US&gl=US&ceid=US:en"
228,tech,regionalStartups,"Brazil Tech",OK,2026-02-26,"OK","https://news.google.com/rss/search?q=(Nubank+OR+iFood+OR+Mercado+Libre+OR+Rappi+OR+VTEX)+when:7d&hl=en-US&gl=US&ceid=US:en"
229,tech,regionalStartups,"FinTech LATAM",OK,2026-02-26,"OK","https://news.google.com/rss/search?q=fintech+(Brazil+OR+Mexico+OR+Argentina+OR+""Latin+America"")+when:7d&hl=en-US&gl=US&ceid=US:en"
230,tech,regionalStartups,"TechCabal (Africa)",OK,2026-02-26,"OK","https://techcabal.com/feed/"
231,tech,regionalStartups,"Disrupt Africa",EMPTY,,"No dates found","https://news.google.com/rss/search?q=site:disrupt-africa.com+when:7d&hl=en-US&gl=US&ceid=US:en"
232,tech,regionalStartups,"Africa Startups",OK,2026-02-26,"OK","https://news.google.com/rss/search?q=Africa+startup+funding+OR+""African+startup""+when:7d&hl=en-US&gl=US&ceid=US:en"
233,tech,regionalStartups,"Africa Tech News",OK,2026-02-26,"OK","https://news.google.com/rss/search?q=(Flutterwave+OR+Paystack+OR+Jumia+OR+Andela+OR+""Africa+startup"")+when:7d&hl=en-US&gl=US&ceid=US:en"
234,tech,regionalStartups,"MENA Startups",OK,2026-02-26,"OK","https://news.google.com/rss/search?q=(MENA+startup+OR+""Middle+East""+funding+OR+Gulf+startup)+when:7d&hl=en-US&gl=US&ceid=US:en"
235,tech,regionalStartups,"MENA Tech News",OK,2026-02-26,"OK","https://news.google.com/rss/search?q=(UAE+startup+OR+Saudi+tech+OR+Dubai+startup+OR+NEOM+tech)+when:7d&hl=en-US&gl=US&ceid=US:en"
236,tech,github,"GitHub Blog",OK,2026-02-24,"OK","https://github.blog/feed/"
237,tech,github,"GitHub Trending",EMPTY,,"No dates found","https://mshibanami.github.io/GitHubTrendingRSS/daily/all.xml"
238,tech,github,"Show HN",OK,2026-02-26,"OK","https://hnrss.org/show"
239,tech,github,"YC Launches",OK,2026-02-26,"OK","https://news.google.com/rss/search?q=(""Y+Combinator""+OR+""YC+launch""+OR+""YC+W25""+OR+""YC+S25"")+when:7d&hl=en-US&gl=US&ceid=US:en"
240,tech,github,"Dev Events",OK,2026-02-26,"OK","https://news.google.com/rss/search?q=(""developer+conference""+OR+""tech+summit""+OR+""devcon""+OR+""developer+event"")+when:7d&hl=en-US&gl=US&ceid=US:en"
241,tech,github,"Open Source News",OK,2026-02-26,"OK","https://news.google.com/rss/search?q=""open+source""+project+release+OR+launch+when:3d&hl=en-US&gl=US&ceid=US:en"
242,tech,ipo,"IPO News",OK,2026-02-26,"OK","https://news.google.com/rss/search?q=(IPO+OR+""initial+public+offering""+OR+SPAC)+tech+when:7d&hl=en-US&gl=US&ceid=US:en"
243,tech,ipo,"Renaissance IPO",OK,2026-02-26,"OK","https://news.google.com/rss/search?q=site:renaissancecapital.com+IPO+when:14d&hl=en-US&gl=US&ceid=US:en"
244,tech,ipo,"Tech IPO News",OK,2026-02-26,"OK","https://news.google.com/rss/search?q=tech+IPO+OR+""tech+company""+IPO+when:7d&hl=en-US&gl=US&ceid=US:en"
245,tech,funding,"SEC Filings",OK,2026-02-24,"OK","https://news.google.com/rss/search?q=(S-1+OR+""IPO+filing""+OR+""SEC+filing"")+startup+when:7d&hl=en-US&gl=US&ceid=US:en"
246,tech,funding,"VC News",OK,2026-02-26,"OK","https://news.google.com/rss/search?q=(""Series+A""+OR+""Series+B""+OR+""Series+C""+OR+""funding+round""+OR+""venture+capital"")+when:7d&hl=en-US&gl=US&ceid=US:en"
247,tech,funding,"Seed & Pre-Seed",OK,2026-02-26,"OK","https://news.google.com/rss/search?q=(""seed+round""+OR+""pre-seed""+OR+""angel+round""+OR+""seed+funding"")+when:7d&hl=en-US&gl=US&ceid=US:en"
248,tech,funding,"Startup Funding",OK,2026-02-26,"OK","https://news.google.com/rss/search?q=(""startup+funding""+OR+""raised+funding""+OR+""raised+$""+OR+""funding+announced"")+when:7d&hl=en-US&gl=US&ceid=US:en"
249,tech,producthunt,"Product Hunt",OK,2026-02-26,"OK","https://www.producthunt.com/feed"
250,tech,outages,"AWS Status",OK,2026-02-26,"OK","https://news.google.com/rss/search?q=AWS+outage+OR+""Amazon+Web+Services""+down+when:1d&hl=en-US&gl=US&ceid=US:en"
251,tech,outages,"Cloud Outages",OK,2026-02-26,"OK","https://news.google.com/rss/search?q=(Azure+OR+GCP+OR+Cloudflare+OR+Slack+OR+GitHub)+outage+OR+down+when:1d&hl=en-US&gl=US&ceid=US:en"
252,tech,security,"Krebs Security",OK,2026-02-20,"OK","https://krebsonsecurity.com/feed/"
253,tech,security,"The Hacker News",OK,2026-02-26,"OK","https://feeds.feedburner.com/TheHackersNews"
254,tech,security,"Dark Reading",OK,2026-02-26,"OK","https://www.darkreading.com/rss.xml"
255,tech,security,"Schneier",OK,2026-02-26,"OK","https://www.schneier.com/feed/"
256,tech,policy,"Politico Tech",OK,2026-02-26,"OK","https://rss.politico.com/technology.xml"
257,tech,policy,"AI Regulation",OK,2026-02-26,"OK","https://news.google.com/rss/search?q=AI+regulation+OR+""artificial+intelligence""+law+OR+policy+when:7d&hl=en-US&gl=US&ceid=US:en"
258,tech,policy,"Tech Antitrust",OK,2026-02-26,"OK","https://news.google.com/rss/search?q=tech+antitrust+OR+FTC+Google+OR+FTC+Apple+OR+FTC+Amazon+when:7d&hl=en-US&gl=US&ceid=US:en"
259,tech,policy,"EFF News",OK,2026-02-26,"OK","https://news.google.com/rss/search?q=site:eff.org+OR+""Electronic+Frontier+Foundation""+when:14d&hl=en-US&gl=US&ceid=US:en"
260,tech,policy,"EU Digital Policy",OK,2026-02-26,"OK","https://news.google.com/rss/search?q=(""Digital+Services+Act""+OR+""Digital+Markets+Act""+OR+""EU+AI+Act""+OR+""GDPR"")+when:7d&hl=en-US&gl=US&ceid=US:en"
261,tech,policy,"Euractiv Digital",OK,2026-02-26,"OK","https://news.google.com/rss/search?q=site:euractiv.com+digital+OR+tech+when:7d&hl=en-US&gl=US&ceid=US:en"
262,tech,policy,"EU Commission Digital",OK,2026-02-26,"OK","https://news.google.com/rss/search?q=site:ec.europa.eu+digital+OR+technology+when:14d&hl=en-US&gl=US&ceid=US:en"
263,tech,policy,"China Tech Policy",OK,2026-02-26,"OK","https://news.google.com/rss/search?q=(China+tech+regulation+OR+China+AI+policy+OR+MIIT+technology)+when:7d&hl=en-US&gl=US&ceid=US:en"
264,tech,policy,"UK Tech Policy",OK,2026-02-26,"OK","https://news.google.com/rss/search?q=(UK+AI+safety+OR+""Online+Safety+Bill""+OR+UK+tech+regulation)+when:7d&hl=en-US&gl=US&ceid=US:en"
265,tech,policy,"India Tech Policy",OK,2026-02-26,"OK","https://news.google.com/rss/search?q=(India+tech+regulation+OR+India+data+protection+OR+India+AI+policy)+when:7d&hl=en-US&gl=US&ceid=US:en"
266,tech,thinktanks,"Brookings Tech",OK,2026-02-26,"OK","https://news.google.com/rss/search?q=site:brookings.edu+technology+OR+AI+when:14d&hl=en-US&gl=US&ceid=US:en"
267,tech,thinktanks,"CSIS Tech",OK,2026-02-26,"OK","https://news.google.com/rss/search?q=site:csis.org+technology+OR+AI+when:14d&hl=en-US&gl=US&ceid=US:en"
268,tech,thinktanks,"MIT Tech Policy",EMPTY,,"No dates found","https://news.google.com/rss/search?q=site:techpolicypress.org+when:14d&hl=en-US&gl=US&ceid=US:en"
269,tech,thinktanks,"Stanford HAI",OK,2026-02-25,"OK","https://news.google.com/rss/search?q=site:hai.stanford.edu+when:14d&hl=en-US&gl=US&ceid=US:en"
270,tech,thinktanks,"AI Now Institute",EMPTY,,"No dates found","https://news.google.com/rss/search?q=site:ainowinstitute.org+when:14d&hl=en-US&gl=US&ceid=US:en"
271,tech,thinktanks,"OECD Digital",OK,2026-02-26,"OK","https://news.google.com/rss/search?q=site:oecd.org+digital+OR+AI+when:14d&hl=en-US&gl=US&ceid=US:en"
272,tech,thinktanks,"EU Tech Policy",OK,2026-02-26,"OK","https://news.google.com/rss/search?q=(""EU+tech+policy""+OR+""European+digital""+OR+Bruegel+tech)+when:14d&hl=en-US&gl=US&ceid=US:en"
273,tech,thinktanks,"Chatham House Tech",OK,2026-02-25,"OK","https://news.google.com/rss/search?q=site:chathamhouse.org+technology+OR+AI+when:14d&hl=en-US&gl=US&ceid=US:en"
274,tech,thinktanks,"ISEAS (Singapore)",OK,2026-02-26,"OK","https://news.google.com/rss/search?q=site:iseas.edu.sg+technology+when:14d&hl=en-US&gl=US&ceid=US:en"
275,tech,thinktanks,"ORF Tech (India)",OK,2026-02-26,"OK","https://news.google.com/rss/search?q=(India+tech+policy+OR+ORF+technology+OR+""Observer+Research+Foundation""+tech)+when:14d&hl=en-US&gl=US&ceid=US:en"
276,tech,thinktanks,"RIETI (Japan)",OK,2026-02-19,"OK","https://news.google.com/rss/search?q=site:rieti.go.jp+technology+when:30d&hl=en-US&gl=US&ceid=US:en"
277,tech,thinktanks,"Asia Pacific Tech",OK,2026-02-26,"OK","https://news.google.com/rss/search?q=(""Asia+Pacific""+tech+policy+OR+""Lowy+Institute""+technology)+when:14d&hl=en-US&gl=US&ceid=US:en"
278,tech,thinktanks,"China Tech Analysis",OK,2026-02-26,"OK","https://news.google.com/rss/search?q=(""China+tech+strategy""+OR+""Chinese+AI""+OR+""China+semiconductor"")+analysis+when:7d&hl=en-US&gl=US&ceid=US:en"
279,tech,thinktanks,"DigiChina",EMPTY,,"No dates found","https://news.google.com/rss/search?q=site:digichina.stanford.edu+when:14d&hl=en-US&gl=US&ceid=US:en"
280,tech,finance,"CNBC Tech",OK,2026-02-26,"OK","https://www.cnbc.com/id/19854910/device/rss/rss.html"
281,tech,finance,"MarketWatch Tech",OK,2026-02-26,"OK","https://news.google.com/rss/search?q=site:marketwatch.com+technology+markets+when:2d&hl=en-US&gl=US&ceid=US:en"
282,tech,finance,"Yahoo Finance",OK,2026-02-25,"OK","https://finance.yahoo.com/rss/topstories"
283,tech,finance,"Seeking Alpha Tech",OK,2026-02-26,"OK","https://seekingalpha.com/market_currents.xml"
284,tech,hardware,"Tom's Hardware",OK,2026-02-26,"OK","https://www.tomshardware.com/feeds/all"
285,tech,hardware,"SemiAnalysis",OK,2026-02-26,"OK","https://news.google.com/rss/search?q=site:semianalysis.com+when:7d&hl=en-US&gl=US&ceid=US:en"
286,tech,hardware,"Semiconductor News",OK,2026-02-26,"OK","https://news.google.com/rss/search?q=semiconductor+OR+chip+OR+TSMC+OR+NVIDIA+OR+Intel+when:3d&hl=en-US&gl=US&ceid=US:en"
287,tech,cloud,"InfoQ",OK,2026-02-26,"OK","https://feed.infoq.com/"
288,tech,cloud,"The New Stack",OK,2026-02-26,"OK","https://thenewstack.io/feed/"
289,tech,cloud,"DevOps.com",OK,2026-02-26,"OK","https://devops.com/feed/"
290,tech,dev,"Dev.to",OK,2026-02-26,"OK","https://dev.to/feed"
291,tech,dev,"Lobsters",OK,2026-02-26,"OK","https://lobste.rs/rss"
292,tech,dev,"Changelog",OK,2026-02-23,"OK","https://changelog.com/feed"
293,tech,layoffs,"Layoffs.fyi",OK,2026-02-26,"OK","https://news.google.com/rss/search?q=tech+layoffs+when:7d&hl=en-US&gl=US&ceid=US:en"
294,tech,unicorns,"Unicorn News",OK,2026-02-25,"OK","https://news.google.com/rss/search?q=(""unicorn+startup""+OR+""unicorn+valuation""+OR+""$1+billion+valuation"")+when:7d&hl=en-US&gl=US&ceid=US:en"
295,tech,unicorns,"CB Insights Unicorn",OK,2026-02-24,"OK","https://news.google.com/rss/search?q=site:cbinsights.com+unicorn+when:14d&hl=en-US&gl=US&ceid=US:en"
296,tech,unicorns,"Decacorn News",OK,2026-02-25,"OK","https://news.google.com/rss/search?q=(""decacorn""+OR+""$10+billion+valuation""+OR+""$10B+valuation"")+startup+when:14d&hl=en-US&gl=US&ceid=US:en"
297,tech,unicorns,"New Unicorns",OK,2026-02-26,"OK","https://news.google.com/rss/search?q=(""becomes+unicorn""+OR+""joins+unicorn""+OR+""reaches+unicorn""+OR+""achieved+unicorn"")+when:14d&hl=en-US&gl=US&ceid=US:en"
298,tech,accelerators,"Techstars News",OK,2026-02-26,"OK","https://news.google.com/rss/search?q=Techstars+accelerator+when:14d&hl=en-US&gl=US&ceid=US:en"
299,tech,accelerators,"500 Global News",OK,2026-02-19,"OK","https://news.google.com/rss/search?q=""500+Global""+OR+""500+Startups""+accelerator+when:14d&hl=en-US&gl=US&ceid=US:en"
300,tech,accelerators,"Demo Day News",OK,2026-02-25,"OK","https://news.google.com/rss/search?q=(""demo+day""+OR+""YC+batch""+OR+""accelerator+batch"")+startup+when:7d&hl=en-US&gl=US&ceid=US:en"
301,tech,accelerators,"Startup School",OK,2026-02-26,"OK","https://news.google.com/rss/search?q=""Startup+School""+OR+""YC+Startup+School""+when:14d&hl=en-US&gl=US&ceid=US:en"
302,tech,podcasts,"Acquired Episodes",OK,2026-02-25,"OK","https://news.google.com/rss/search?q=""Acquired+podcast""+episode+when:14d&hl=en-US&gl=US&ceid=US:en"
303,tech,podcasts,"All-In Podcast",OK,2026-02-25,"OK","https://news.google.com/rss/search?q=""All-In+podcast""+(Chamath+OR+Sacks+OR+Friedberg)+when:7d&hl=en-US&gl=US&ceid=US:en"
304,tech,podcasts,"a16z Insights",OK,2026-02-26,"OK","https://news.google.com/rss/search?q=(""a16z""+OR+""Andreessen+Horowitz"")+podcast+OR+interview+when:14d&hl=en-US&gl=US&ceid=US:en"
305,tech,podcasts,"TWIST Episodes",OK,2026-02-25,"OK","https://news.google.com/rss/search?q=""This+Week+in+Startups""+Jason+Calacanis+when:14d&hl=en-US&gl=US&ceid=US:en"
306,tech,podcasts,"20VC Episodes",EMPTY,,"No dates found","https://news.google.com/rss/search?q=""20+Minute+VC""+Harry+Stebbings+when:14d&hl=en-US&gl=US&ceid=US:en"
307,tech,podcasts,"Lex Fridman Tech",OK,2026-02-25,"OK","https://news.google.com/rss/search?q=(""Lex+Fridman""+interview)+(AI+OR+tech+OR+startup+OR+CEO)+when:7d&hl=en-US&gl=US&ceid=US:en"
308,tech,podcasts,"Verge Shows",OK,2026-02-26,"OK","https://news.google.com/rss/search?q=(""Vergecast""+OR+""Decoder+podcast""+Verge)+when:14d&hl=en-US&gl=US&ceid=US:en"
309,tech,podcasts,"Hard Fork (NYT)",OK,2026-02-26,"OK","https://news.google.com/rss/search?q=""Hard+Fork""+podcast+NYT+when:14d&hl=en-US&gl=US&ceid=US:en"
310,tech,podcasts,"Pivot Podcast",EMPTY,,"No dates found","https://news.google.com/rss/search?q=""Pivot+podcast""+(Kara+Swisher+OR+Scott+Galloway)+when:14d&hl=en-US&gl=US&ceid=US:en"
311,tech,podcasts,"Tech Newsletters",OK,2026-02-24,"OK","https://news.google.com/rss/search?q=(""Benedict+Evans""+OR+""Pragmatic+Engineer""+OR+Stratechery)+tech+when:14d&hl=en-US&gl=US&ceid=US:en"
312,tech,podcasts,"AI Podcasts",OK,2026-02-26,"OK","https://news.google.com/rss/search?q=(""AI+podcast""+OR+""artificial+intelligence+podcast"")+episode+when:14d&hl=en-US&gl=US&ceid=US:en"
313,tech,podcasts,"AI Interviews",OK,2026-02-26,"OK","https://news.google.com/rss/search?q=(NVIDIA+OR+OpenAI+OR+Anthropic+OR+DeepMind)+interview+OR+podcast+when:14d&hl=en-US&gl=US&ceid=US:en"
314,tech,podcasts,"How I Built This",OK,2026-02-23,"OK","https://news.google.com/rss/search?q=""How+I+Built+This""+Guy+Raz+when:14d&hl=en-US&gl=US&ceid=US:en"
315,tech,podcasts,"Startup Podcasts",EMPTY,,"No dates found","https://news.google.com/rss/search?q=(""Masters+of+Scale""+OR+""The+Pitch+podcast""+OR+""startup+podcast"")+episode+when:14d&hl=en-US&gl=US&ceid=US:en"
316,finance,markets,"Seeking Alpha",OK,2026-02-26,"OK","https://seekingalpha.com/market_currents.xml"
317,finance,markets,"Reuters Markets",OK,2026-02-26,"OK","https://news.google.com/rss/search?q=site:reuters.com+markets+stocks+when:1d&hl=en-US&gl=US&ceid=US:en"
318,finance,markets,"Bloomberg Markets",OK,2026-02-26,"OK","https://news.google.com/rss/search?q=site:bloomberg.com+markets+when:1d&hl=en-US&gl=US&ceid=US:en"
319,finance,markets,"Investing.com News",OK,2026-02-26,"OK","https://news.google.com/rss/search?q=site:investing.com+markets+when:1d&hl=en-US&gl=US&ceid=US:en"
320,finance,forex,"Forex News",OK,2026-02-26,"OK","https://news.google.com/rss/search?q=(""forex""+OR+""currency""+OR+""FX+market"")+trading+when:1d&hl=en-US&gl=US&ceid=US:en"
321,finance,forex,"Dollar Watch",OK,2026-02-26,"OK","https://news.google.com/rss/search?q=(""dollar+index""+OR+DXY+OR+""US+dollar""+OR+""euro+dollar"")+when:2d&hl=en-US&gl=US&ceid=US:en"
322,finance,forex,"Central Bank Rates",OK,2026-02-26,"OK","https://news.google.com/rss/search?q=(""central+bank""+OR+""interest+rate""+OR+""rate+decision""+OR+""monetary+policy"")+when:2d&hl=en-US&gl=US&ceid=US:en"
323,finance,bonds,"Bond Market",OK,2026-02-26,"OK","https://news.google.com/rss/search?q=(""bond+market""+OR+""treasury+yields""+OR+""bond+yields""+OR+""fixed+income"")+when:2d&hl=en-US&gl=US&ceid=US:en"
324,finance,bonds,"Treasury Watch",OK,2026-02-26,"OK","https://news.google.com/rss/search?q=(""US+Treasury""+OR+""Treasury+auction""+OR+""10-year+yield""+OR+""2-year+yield"")+when:2d&hl=en-US&gl=US&ceid=US:en"
325,finance,bonds,"Corporate Bonds",OK,2026-02-26,"OK","https://news.google.com/rss/search?q=(""corporate+bond""+OR+""high+yield""+OR+""investment+grade""+OR+""credit+spread"")+when:3d&hl=en-US&gl=US&ceid=US:en"
326,finance,commodities,"Oil & Gas",OK,2026-02-26,"OK","https://news.google.com/rss/search?q=(oil+price+OR+OPEC+OR+""natural+gas""+OR+""crude+oil""+OR+WTI+OR+Brent)+when:1d&hl=en-US&gl=US&ceid=US:en"
327,finance,commodities,"Gold & Metals",OK,2026-02-26,"OK","https://news.google.com/rss/search?q=(gold+price+OR+silver+price+OR+copper+OR+platinum+OR+""precious+metals"")+when:2d&hl=en-US&gl=US&ceid=US:en"
328,finance,commodities,"Agriculture",OK,2026-02-26,"OK","https://news.google.com/rss/search?q=(wheat+OR+corn+OR+soybeans+OR+coffee+OR+sugar)+price+OR+commodity+when:3d&hl=en-US&gl=US&ceid=US:en"
329,finance,commodities,"Commodity Trading",OK,2026-02-26,"OK","https://news.google.com/rss/search?q=(""commodity+trading""+OR+""futures+market""+OR+CME+OR+NYMEX+OR+COMEX)+when:2d&hl=en-US&gl=US&ceid=US:en"
330,finance,crypto,"CoinDesk",OK,2026-02-26,"OK","https://www.coindesk.com/arc/outboundfeeds/rss/"
331,finance,crypto,"Cointelegraph",OK,2026-02-26,"OK","https://cointelegraph.com/rss"
332,finance,crypto,"The Block",OK,2026-02-26,"OK","https://news.google.com/rss/search?q=site:theblock.co+when:1d&hl=en-US&gl=US&ceid=US:en"
333,finance,crypto,"Crypto News",OK,2026-02-26,"OK","https://news.google.com/rss/search?q=(bitcoin+OR+ethereum+OR+crypto+OR+""digital+assets"")+when:1d&hl=en-US&gl=US&ceid=US:en"
334,finance,crypto,"DeFi News",OK,2026-02-26,"OK","https://news.google.com/rss/search?q=(DeFi+OR+""decentralized+finance""+OR+DEX+OR+""yield+farming"")+when:3d&hl=en-US&gl=US&ceid=US:en"
335,finance,centralbanks,"ECB Watch",OK,2026-02-26,"OK","https://news.google.com/rss/search?q=(""European+Central+Bank""+OR+ECB+OR+Lagarde)+monetary+policy+when:3d&hl=en-US&gl=US&ceid=US:en"
336,finance,centralbanks,"BoJ Watch",OK,2026-02-26,"OK","https://news.google.com/rss/search?q=(""Bank+of+Japan""+OR+BoJ)+monetary+policy+when:3d&hl=en-US&gl=US&ceid=US:en"
337,finance,centralbanks,"BoE Watch",OK,2026-02-26,"OK","https://news.google.com/rss/search?q=(""Bank+of+England""+OR+BoE)+monetary+policy+when:3d&hl=en-US&gl=US&ceid=US:en"
338,finance,centralbanks,"PBoC Watch",OK,2026-02-26,"OK","https://news.google.com/rss/search?q=(""People%27s+Bank+of+China""+OR+PBoC+OR+PBOC)+when:7d&hl=en-US&gl=US&ceid=US:en"
339,finance,centralbanks,"Global Central Banks",OK,2026-02-26,"OK","https://news.google.com/rss/search?q=(""rate+hike""+OR+""rate+cut""+OR+""interest+rate+decision"")+central+bank+when:3d&hl=en-US&gl=US&ceid=US:en"
340,finance,economic,"Economic Data",OK,2026-02-26,"OK","https://news.google.com/rss/search?q=(CPI+OR+inflation+OR+GDP+OR+""jobs+report""+OR+""nonfarm+payrolls""+OR+PMI)+when:2d&hl=en-US&gl=US&ceid=US:en"
341,finance,economic,"Trade & Tariffs",OK,2026-02-26,"OK","https://news.google.com/rss/search?q=(tariff+OR+""trade+war""+OR+""trade+deficit""+OR+sanctions)+when:2d&hl=en-US&gl=US&ceid=US:en"
342,finance,economic,"Housing Market",OK,2026-02-26,"OK","https://news.google.com/rss/search?q=(""housing+market""+OR+""home+prices""+OR+""mortgage+rates""+OR+REIT)+when:3d&hl=en-US&gl=US&ceid=US:en"
343,finance,ipo,"IPO News",OK,2026-02-26,"OK","https://news.google.com/rss/search?q=(IPO+OR+""initial+public+offering""+OR+SPAC+OR+""direct+listing"")+when:3d&hl=en-US&gl=US&ceid=US:en"
344,finance,ipo,"Earnings Reports",OK,2026-02-26,"OK","https://news.google.com/rss/search?q=(""earnings+report""+OR+""quarterly+earnings""+OR+""revenue+beat""+OR+""earnings+miss"")+when:2d&hl=en-US&gl=US&ceid=US:en"
345,finance,ipo,"M&A News",OK,2026-02-26,"OK","https://news.google.com/rss/search?q=(""merger""+OR+""acquisition""+OR+""takeover+bid""+OR+""buyout"")+billion+when:3d&hl=en-US&gl=US&ceid=US:en"
346,finance,derivatives,"Options Market",OK,2026-02-26,"OK","https://news.google.com/rss/search?q=(""options+market""+OR+""options+trading""+OR+""put+call+ratio""+OR+VIX)+when:2d&hl=en-US&gl=US&ceid=US:en"
347,finance,derivatives,"Futures Trading",OK,2026-02-26,"OK","https://news.google.com/rss/search?q=(""futures+trading""+OR+""S%26P+500+futures""+OR+""Nasdaq+futures"")+when:1d&hl=en-US&gl=US&ceid=US:en"
348,finance,fintech,"Fintech News",OK,2026-02-26,"OK","https://news.google.com/rss/search?q=(fintech+OR+""payment+technology""+OR+""neobank""+OR+""digital+banking"")+when:3d&hl=en-US&gl=US&ceid=US:en"
349,finance,fintech,"Trading Tech",OK,2026-02-26,"OK","https://news.google.com/rss/search?q=(""algorithmic+trading""+OR+""trading+platform""+OR+""quantitative+finance"")+when:7d&hl=en-US&gl=US&ceid=US:en"
350,finance,fintech,"Blockchain Finance",OK,2026-02-26,"OK","https://news.google.com/rss/search?q=(""blockchain+finance""+OR+""tokenization""+OR+""digital+securities""+OR+CBDC)+when:7d&hl=en-US&gl=US&ceid=US:en"
351,finance,regulation,"Financial Regulation",OK,2026-02-26,"OK","https://news.google.com/rss/search?q=(SEC+OR+CFTC+OR+FINRA+OR+FCA)+regulation+OR+enforcement+when:3d&hl=en-US&gl=US&ceid=US:en"
352,finance,regulation,"Banking Rules",OK,2026-02-26,"OK","https://news.google.com/rss/search?q=(Basel+OR+""capital+requirements""+OR+""banking+regulation"")+when:7d&hl=en-US&gl=US&ceid=US:en"
353,finance,regulation,"Crypto Regulation",OK,2026-02-26,"OK","https://news.google.com/rss/search?q=(crypto+regulation+OR+""digital+asset""+regulation+OR+""stablecoin""+regulation)+when:7d&hl=en-US&gl=US&ceid=US:en"
354,finance,institutional,"Hedge Fund News",OK,2026-02-26,"OK","https://news.google.com/rss/search?q=(""hedge+fund""+OR+""Bridgewater""+OR+""Citadel""+OR+""Renaissance"")+when:7d&hl=en-US&gl=US&ceid=US:en"
355,finance,institutional,"Private Equity",OK,2026-02-26,"OK","https://news.google.com/rss/search?q=(""private+equity""+OR+Blackstone+OR+KKR+OR+Apollo+OR+Carlyle)+when:3d&hl=en-US&gl=US&ceid=US:en"
356,finance,institutional,"Sovereign Wealth",OK,2026-02-26,"OK","https://news.google.com/rss/search?q=(""sovereign+wealth+fund""+OR+""pension+fund""+OR+""institutional+investor"")+when:7d&hl=en-US&gl=US&ceid=US:en"
357,finance,analysis,"Market Outlook",OK,2026-02-26,"OK","https://news.google.com/rss/search?q=(""market+outlook""+OR+""stock+market+forecast""+OR+""bull+market""+OR+""bear+market"")+when:3d&hl=en-US&gl=US&ceid=US:en"
358,finance,analysis,"Risk & Volatility",OK,2026-02-26,"OK","https://news.google.com/rss/search?q=(VIX+OR+""market+volatility""+OR+""risk+off""+OR+""market+correction"")+when:3d&hl=en-US&gl=US&ceid=US:en"
359,finance,analysis,"Bank Research",OK,2026-02-26,"OK","https://news.google.com/rss/search?q=(""Goldman+Sachs""+OR+""JPMorgan""+OR+""Morgan+Stanley"")+forecast+OR+outlook+when:3d&hl=en-US&gl=US&ceid=US:en"
360,finance,gccNews,"Arabian Business",OK,2026-02-26,"OK","https://news.google.com/rss/search?q=site:arabianbusiness.com+(Saudi+Arabia+OR+UAE+OR+GCC)+when:7d&hl=en-US&gl=US&ceid=US:en"
361,finance,gccNews,"The National",OK,2026-02-26,"OK","https://news.google.com/rss/search?q=site:thenationalnews.com+(Abu+Dhabi+OR+UAE+OR+Saudi)+when:7d&hl=en-US&gl=US&ceid=US:en"
362,finance,gccNews,"Arab News",OK,2026-02-26,"OK","https://news.google.com/rss/search?q=site:arabnews.com+(Saudi+Arabia+OR+investment+OR+infrastructure)+when:7d&hl=en-US&gl=US&ceid=US:en"
363,finance,gccNews,"Gulf FDI",OK,2026-02-26,"OK","https://news.google.com/rss/search?q=(PIF+OR+""DP+World""+OR+Mubadala+OR+ADNOC+OR+Masdar+OR+""ACWA+Power"")+infrastructure+when:7d&hl=en-US&gl=US&ceid=US:en"
364,finance,gccNews,"Gulf Investments",OK,2026-02-26,"OK","https://news.google.com/rss/search?q=(""Saudi+Arabia""+OR+""UAE""+OR+""Abu+Dhabi"")+investment+infrastructure+when:7d&hl=en-US&gl=US&ceid=US:en"
365,finance,gccNews,"Vision 2030",OK,2026-02-26,"OK","https://news.google.com/rss/search?q=""Vision+2030""+(project+OR+investment+OR+announced)+when:14d&hl=en-US&gl=US&ceid=US:en"
366,happy,positive,"Good News Network",OK,2026-02-26,"OK","https://www.goodnewsnetwork.org/feed/"
367,happy,positive,"Positive.News",OK,2026-02-26,"OK","https://www.positive.news/feed/"
368,happy,positive,"Reasons to be Cheerful",OK,2026-02-26,"OK","https://reasonstobecheerful.world/feed/"
369,happy,positive,"Optimist Daily",OK,2026-02-26,"OK","https://www.optimistdaily.com/feed/"
370,happy,positive,"Upworthy",OK,2026-02-26,"OK","https://www.upworthy.com/feed/"
371,happy,positive,"DailyGood",OK,2026-02-23,"OK","https://www.dailygood.org/feed"
372,happy,positive,"Good Good Good",OK,2026-02-26,"OK","https://www.goodgoodgood.co/articles/rss.xml"
373,happy,positive,"GOOD Magazine",OK,2026-02-26,"OK","https://www.good.is/feed/"
374,happy,positive,"Sunny Skyz",OK,2026-02-26,"OK","https://www.sunnyskyz.com/rss_tebow.php"
375,happy,positive,"The Better India",OK,2026-02-26,"OK","https://thebetterindia.com/feed/"
376,happy,science,"GNN Science",OK,2026-02-26,"OK","https://www.goodnewsnetwork.org/category/news/science/feed/"
377,happy,science,"ScienceDaily",DEAD,,"Timeout","https://www.sciencedaily.com/rss/top.xml"
378,happy,science,"Nature News",OK,2026-02-26,"OK","https://feeds.nature.com/nature/rss/current"
379,happy,science,"Live Science",EMPTY,,"No dates found","https://www.livescience.com/feeds/all"
380,happy,science,"New Scientist",OK,2026-02-26,"OK","https://www.newscientist.com/feed/home/"
381,happy,science,"Singularity Hub",OK,2026-02-24,"OK","https://singularityhub.com/feed/"
382,happy,science,"Human Progress",OK,2026-02-26,"OK","https://humanprogress.org/feed/"
383,happy,science,"Greater Good (Berkeley)",EMPTY,,"No dates found","https://greatergood.berkeley.edu/rss"
384,happy,nature,"GNN Animals",OK,2026-02-26,"OK","https://www.goodnewsnetwork.org/category/news/animals/feed/"
385,happy,health,"GNN Health",OK,2026-02-25,"OK","https://www.goodnewsnetwork.org/category/news/health/feed/"
386,happy,inspiring,"GNN Heroes",OK,2026-02-25,"OK","https://www.goodnewsnetwork.org/category/news/inspiring/feed/"
387,intel,inspiring,"Defense One",OK,2026-02-26,"OK","https://www.defenseone.com/rss/all/"
388,intel,inspiring,"Breaking Defense",DEAD,,"HTTP 403","https://breakingdefense.com/feed/"
389,intel,inspiring,"The War Zone",OK,2026-02-26,"OK","https://www.twz.com/feed"
390,intel,inspiring,"Defense News",OK,2026-02-26,"OK","https://www.defensenews.com/arc/outboundfeeds/rss/?outputType=xml"
391,intel,inspiring,"Janes",OK,2026-02-25,"OK","https://news.google.com/rss/search?q=site:janes.com+when:3d&hl=en-US&gl=US&ceid=US:en"
392,intel,inspiring,"Military Times",OK,2026-02-26,"OK","https://www.militarytimes.com/arc/outboundfeeds/rss/?outputType=xml"
393,intel,inspiring,"Task & Purpose",OK,2026-02-26,"OK","https://taskandpurpose.com/feed/"
394,intel,inspiring,"USNI News",OK,2026-02-26,"OK","https://news.usni.org/feed"
395,intel,inspiring,"gCaptain",OK,2026-02-26,"OK","https://gcaptain.com/feed/"
396,intel,inspiring,"Oryx OSINT",STALE,2024-12-07,"Stale","https://www.oryxspioenkop.com/feeds/posts/default?alt=rss"
397,intel,inspiring,"UK MOD",OK,2026-02-26,"OK","https://www.gov.uk/government/organisations/ministry-of-defence.atom"
398,intel,inspiring,"CSIS",EMPTY,,"No dates found","https://www.csis.org/analysis?type=analysis"
399,intel,inspiring,"Chatham House",OK,2026-02-26,"OK","https://news.google.com/rss/search?q=site:chathamhouse.org+when:7d&hl=en-US&gl=US&ceid=US:en"
400,intel,inspiring,"ECFR",OK,2026-02-26,"OK","https://news.google.com/rss/search?q=site:ecfr.eu+when:7d&hl=en-US&gl=US&ceid=US:en"
401,intel,inspiring,"Middle East Institute",OK,2026-02-26,"OK","https://news.google.com/rss/search?q=site:mei.edu+when:7d&hl=en-US&gl=US&ceid=US:en"
402,intel,inspiring,"RAND",DEAD,,"HTTP 404","https://www.rand.org/rss/all.xml"
403,intel,inspiring,"Brookings",EMPTY,,"No dates found","https://www.brookings.edu/feed/"
404,intel,inspiring,"Carnegie",EMPTY,,"No dates found","https://carnegieendowment.org/rss/"
405,intel,inspiring,"FAS",STALE,2023-02-14,"Stale","https://fas.org/feed/"
406,intel,inspiring,"NTI",DEAD,,"HTTP 403","https://www.nti.org/rss/"
407,intel,inspiring,"RUSI",OK,2026-02-26,"OK","https://news.google.com/rss/search?q=site:rusi.org+when:7d&hl=en-US&gl=US&ceid=US:en"
408,intel,inspiring,"Wilson Center",OK,2026-02-26,"OK","https://news.google.com/rss/search?q=site:wilsoncenter.org+when:7d&hl=en-US&gl=US&ceid=US:en"
409,intel,inspiring,"GMF",OK,2026-02-26,"OK","https://news.google.com/rss/search?q=site:gmfus.org+when:7d&hl=en-US&gl=US&ceid=US:en"
410,intel,inspiring,"Stimson Center",OK,2026-02-26,"OK","https://www.stimson.org/feed/"
411,intel,inspiring,"CNAS",OK,2026-02-26,"OK","https://news.google.com/rss/search?q=site:cnas.org+when:7d&hl=en-US&gl=US&ceid=US:en"
412,intel,inspiring,"Lowy Institute",OK,2026-02-26,"OK","https://news.google.com/rss/search?q=site:lowyinstitute.org+when:7d&hl=en-US&gl=US&ceid=US:en"
413,intel,inspiring,"Arms Control Assn",OK,2026-02-26,"OK","https://news.google.com/rss/search?q=site:armscontrol.org+when:7d&hl=en-US&gl=US&ceid=US:en"
414,intel,inspiring,"Bulletin of Atomic Scientists",OK,2026-02-26,"OK","https://news.google.com/rss/search?q=site:thebulletin.org+when:7d&hl=en-US&gl=US&ceid=US:en"
415,intel,inspiring,"Bellingcat",DEAD,,"fetch failed","https://www.bellingcat.com/feed/"
416,intel,inspiring,"Ransomware.live",OK,2026-02-26,"OK","https://www.ransomware.live/rss.xml"
417,intel,inspiring,"FAO News",OK,2026-02-25,"OK","https://www.fao.org/feeds/fao-newsroom-rss"
418,intel,inspiring,"FAO GIEWS",OK,2026-02-24,"OK","https://news.google.com/rss/search?q=site:fao.org+GIEWS+food+security+when:30d&hl=en-US&gl=US&ceid=US:en"
419,intel,inspiring,"EU ISS",OK,2026-02-24,"OK","https://news.google.com/rss/search?q=site:iss.europa.eu+when:7d&hl=en-US&gl=US&ceid=US:en"
420,tech,vcblogs,"FwdStart Newsletter",SKIP,,"Local endpoint","/api/fwdstart"
